ID,Name,Age,Gender,Destination,Caoch Number ,Date,Time,Complain
10001,Sabbir Ahmed,25,Male,Farmgate,A3B004,2021.12.12,12:00,No
10002,Arifin Jomadder,43,Male,Uttra,K1C569,2021.12.11,8:00,No
10003,Samima Akter,27,Female,Farmgate,R15D33,2021.12.10,14:00,No
10004,Shakil Hosen,34,Male,Uttra,D36S55,2021.12.12,18:30,No
10005,Sultana,30,Female,Kamlapur,C25A66,2021.12.09,20:00,No
10006,Golam Kader,56,Male,Farmgate,C25A66,2021.12.09,20:00,No
10007,Pranto Shaha,19,Male,Uttra,R15D33,2021.12.10,14:00,No
10008,Zahid Hasan,35,Male,Kamlapur,A3B004,2021.12.12,12:00:00 PM,No
10009,Khairul Bashar,48,Male,Uttra,D36S55,2021.12.12,18:30,No
10010,Safia,36,Female,Farmgate,A3B004,2021.12.12,12:00:00 PM,No
10011,Riti,17,Female,Kamlapur,K1C569,2021.12.11,8:00:00 AM,Yes
10012,Sadia,23,Female,Uttra,D36S55,2021.12.12,18:30,No
10013,Sadman,24,Male,Motijhil,A3B004,2021.12.12,12:00:00 PM,No
10014,Habiba,22,Female,Motijhil,A3B004,2021.12.12,12:00:00 PM,Yes
10015,Meher Nigar,65,Female,Kamlapur,K1C569,2021.12.11,8:00:00 AM,Yes
10016,K.M Uddin,77,Male,Farmgate,R15D33,2021.12.10,14:00,No
10017,Mizanur Rahman,40,Male,Motijhil,C25A66,2021.12.09,20:00,No
10018,S.M Faruk,29,Male,Uttra,C25A66,2021.12.09,20:00,Yes
10019,Khondokar,81,Male,Kamlapur,R15D33,2021.12.10,14:00,No
10020,Jahanara Islam,50,Female,Farmgate,K1C569,2021.12.11,8:00:00 AM,Yes
